DROP TABLE USUARIO CASCADE CONSTRAINTS;
DROP TABLE OFERTA CASCADE CONSTRAINTS;
DROP TABLE CLIENTE CASCADE CONSTRAINTS;
DROP TABLE OPERADOR CASCADE CONSTRAINTS;
DROP TABLE HOTEL CASCADE CONSTRAINTS;
DROP TABLE VIVIENDAUNIVERSITARIA CASCADE CONSTRAINTS;
DROP TABLE APARTAMENTO CASCADE CONSTRAINTS;
DROP TABLE HABITACION CASCADE CONSTRAINTS;
DROP TABLE HOSTAL CASCADE CONSTRAINTS;
DROP TABLE SERVICIOHABITACION CASCADE CONSTRAINTS;
DROP TABLE SERVICIOHOTEL CASCADE CONSTRAINTS;
DROP TABLE CONTRATO CASCADE CONSTRAINTS;
DROP TABLE PERSONANATURAL CASCADE CONSTRAINTS;
DROP TABLE HOTELOFRECE CASCADE CONSTRAINTS;
DROP TABLE HABITACIONOFRECE CASCADE CONSTRAINTS;
DROP TABLE VIVIENDA CASCADE CONSTRAINTS;

CREATE TABLE OFERTA 
(
  IDHABITACION NUMBER,
  IDAPARTAMENTO NUMBER,
  IDVIVIENDA NUMBER,
  FECHAINICIAL DATE NOT NULL,
  FECHAFINAL DATE NOT NULL,
  IDOFERTA NUMBER,
  CONSTRAINT OFERTA_PK PRIMARY KEY (IDOFERTA)
);
CREATE TABLE HABITACIONOFRECE 
(
  IDSERVICIOHABITACION NUMBER NOT NULL,
  IDHABITACION NUMBER NOT NULL,
  IDHABITACIONOFRECE NUMBER,
  CONSTRAINT HABITACIONOFRECE_PK PRIMARY KEY (IDHABITACIONOFRECE)
);
CREATE TABLE HOTELOFRECE 
(
  IDSERVICIOHOTEL NUMBER,
  IDHOTEL NUMBER,
  IDHOTELOFRECE NUMBER,
  CONSTRAINT HOTELOFRECE_PK PRIMARY KEY (IDHOTELOFRECE)
);
CREATE TABLE USUARIO
(
  CONTRASENA VARCHAR2(255 BYTE) NOT NULL,
  IDUSUARIO NUMBER ,
  USUARIO varchar2(255 BYTE),
  CONSTRAINT USUARIO_PK PRIMARY KEY (IDUSUARIO)
);
CREATE TABLE OPERADOR
(
  CONTRASENA VARCHAR2(255 BYTE)  NOT NULL,
  IDOPERADOR NUMBER ,
  USUARIO VARCHAR2(255 BYTE),
  CONSTRAINT OPERADOR_PK PRIMARY KEY (IDOPERADOR)
);
CREATE TABLE CLIENTE
(
  CONTRASENA VARCHAR2(255 BYTE)  NOT NULL,
  IDCLIENTE NUMBER ,
  USUARIO VARCHAR2(255 BYTE),
  NOMBRE VARCHAR2(255 BYTE) NOT NULL,
  CONSTRAINT CLIENTE_PK PRIMARY KEY (IDCLIENTE)
);
CREATE TABLE HOTEL
(
  UBICACION VARCHAR2(255 BYTE) NOT NULL, 
  DESCRIPCION VARCHAR2(255 BYTE),
  NOMBRE VARCHAR2(255 BYTE)  NOT NULL,
  CONTRASENA VARCHAR2(255 BYTE)  NOT NULL,
  IDHOTEL NUMBER ,
  USUARIO VARCHAR2(255 BYTE),
  CONSTRAINT HOTEL_PK PRIMARY KEY (IDHOTEL)
);
CREATE TABLE VIVIENDAUNIVERSITARIA
(
  CONTRASENA VARCHAR2(255 BYTE) NOT NULL,
  IDVIVIENDAUNIVERSITARIA NUMBER ,
  NOMBRE VARCHAR2(255 BYTE)  NOT NULL,
  HORAATENCION VARCHAR2(255 BYTE)  NOT NULL,
  DESCRIPCION VARCHAR2(255 BYTE),
  USUARIO VARCHAR2(255 BYTE),
  CONSTRAINT VIVIENDAUNIVERSITARIA_PK PRIMARY KEY (IDVIVIENDAUNIVERSITARIA)
);
CREATE TABLE HOSTAL
(
  CONTRASENA VARCHAR2(255 BYTE) NOT NULL,
  IDHOSTAL NUMBER ,
  NOMBRE VARCHAR2(255 BYTE) NOT NULL,
  DESCRIPCION VARCHAR2(255 BYTE),
  HORAATENCION VARCHAR2(255 BYTE) NOT NULL, 
  UBICACION VARCHAR2(255 BYTE) NOT NULL,
  USUARIO VARCHAR2(255 BYTE),
  CONSTRAINT HOSTAL_PK PRIMARY KEY (IDHOSTAL)
);
CREATE TABLE PERSONANATURAL
(
  CONTRASENA VARCHAR2(255 BYTE) NOT NULL,
  IDPERSONANATURAL NUMBER , 
  NOMBRE VARCHAR2(255 BYTE) NOT NULL,
  UNIANDINO NUMBER NOT NULL,
  USUARIO VARCHAR2(255 BYTE),
  CHECK (0<=UNIANDINO),
  CHECK (1>=UNIANDINO),
  CONSTRAINT PESONANATURAL_PK PRIMARY KEY (IDPERSONANATURAL)
);
CREATE TABLE HABITACION
(
  PRECIO NUMBER NOT NULL,
  UBICACION VARCHAR2(255 BYTE) NOT NULL,
  TAMANO NUMBER,
  DESCRIPCION VARCHAR2(255 BYTE), 
  IDHABITACION NUMBER , 
  IDOPERADOR NUMBER NOT NULL,
  CHECK (0<PRECIO),
  CHECK (0<TAMANO),
  CONSTRAINT HABITACION_PK PRIMARY KEY (IDHABITACION)
);
CREATE TABLE CONTRATO
(  
  COSTO NUMBER NOT NULL,
  FECHAFINAL DATE NOT NULL,
  FECHAINIC DATE NOT NULL,
  NOCHES NUMBER,
  DESCRIPCION VARCHAR2(255 BYTE) NOT NULL,
  IDCONTRATO NUMBER,
  IDOPERADOR NUMBER NOT NULL,
  IDCLIENTE NUMBER NOT NULL,
  IDHABITACION NUMBER,
  IDVIVIENDA NUMBER,
  IDAPARTAMENTO NUMBER,
  CONSTRAINT CONTRATO_PK PRIMARY KEY (IDCONTRATO)
);
CREATE TABLE APARTAMENTO
(
  PRECIO NUMBER NOT NULL, 
  TAMANO NUMBER NOT NULL, 
  UBICACION VARCHAR2(255 BYTE) NOT NULL,
  DESCRIPCION VARCHAR2(255 BYTE),
  IDAPARTAMENTO NUMBER,
  IDPERSONANATURAL NUMBER NOT NULL,
  CHECK (0<PRECIO),
  CHECK (0<TAMANO),
  CONSTRAINT APARTAMENTO_PK PRIMARY KEY (IDAPARTAMENTO)
);
CREATE TABLE SERVICIOHABITACION
(
  DESCRIPCION VARCHAR2(255 BYTE),
  IDSERVICIOHABITACION NUMBER,
  TIPO VARCHAR2(255 BYTE) NOT NULL,
  CONSTRAINT SERVICIOHABITACION_PK PRIMARY KEY (IDSERVICIOHABITACION)
);
CREATE TABLE SERVICIOHOTEL
(
  DESCRIPCION VARCHAR2(255 BYTE),
  IDSERVICIOHOTEL NUMBER,
  TIPO VARCHAR2(255 BYTE) NOT NULL,
  CONSTRAINT SERVICIOHOTEL_PK PRIMARY KEY (IDSERVICIOHOTEL)
);
CREATE TABLE VIVIENDA
(
  DESCRIPCION VARCHAR2(255 BYTE),
  NUMEROHABITACIONES NUMBER NOT NULL,
  UBICACION VARCHAR2(255 BYTE) NOT NULL,
  MENAJE VARCHAR2(255 BYTE),
  PRECIO NUMBER NOT NULL,
  TAMANO NUMBER NOT NULL,
  IDVIVIENDA NUMBER,
  IDPERSONANATURAL NUMBER NOT NULL,
  CHECK (0<PRECIO),
  CHECK (0<NUMEROHABITACIONES),
  CHECK (0<TAMANO),
  CONSTRAINT VIVIENDA_PK PRIMARY KEY (IDVIVIENDA)
);

ALTER TABLE HABITACIONOFRECE ADD CONSTRAINT HABITACIONOFRECE_FK1 FOREIGN KEY (IDHABITACION) REFERENCES HABITACION(IDHABITACION);
ALTER TABLE HABITACIONOFRECE ADD CONSTRAINT HABITACIONOFRECE_FK2 FOREIGN KEY (IDSERVICIOHABITACION) REFERENCES SERVICIOHABITACION(IDSERVICIOHABITACION);

ALTER TABLE HOTELOFRECE ADD CONSTRAINT HOTELOFRECE_FK1 FOREIGN KEY (IDHOTEL) REFERENCES HOTEL(IDHOTEL);
ALTER TABLE HOTELOFRECE ADD CONSTRAINT HOTELOFRECE_FK2 FOREIGN KEY (IDSERVICIOHOTEL) REFERENCES SERVICIOHOTEL(IDSERVICIOHOTEL);

ALTER TABLE HABITACION ADD CONSTRAINT HABITACION_FK2 FOREIGN KEY (IDOPERADOR) REFERENCES OPERADOR(IDOPERADOR);

ALTER TABLE CONTRATO ADD CONSTRAINT CONTRATO_FK1 FOREIGN KEY (IDCLIENTE) REFERENCES CLIENTE(IDCLIENTE);
ALTER TABLE CONTRATO ADD CONSTRAINT CONTRATO_FK3 FOREIGN KEY (IDHABITACION) REFERENCES HABITACION(IDHABITACION);
ALTER TABLE CONTRATO ADD CONSTRAINT CONTRATO_FK4 FOREIGN KEY (IDAPARTAMENTO) REFERENCES APARTAMENTO(IDAPARTAMENTO);
ALTER TABLE CONTRATO ADD CONSTRAINT CONTRATO_FK2 FOREIGN KEY (IDVIVIENDA) REFERENCES VIVIENDA(IDVIVIENDA);

ALTER TABLE APARTAMENTO ADD CONSTRAINT APARTAMENTO_FK1 FOREIGN KEY (IDPERSONANATURAL) REFERENCES PERSONANATURAL(IDPERSONANATURAL);

ALTER TABLE VIVIENDA ADD CONSTRAINT VIVIENDA_FK1 FOREIGN KEY (IDPERSONANATURAL) REFERENCES PERSONANATURAL(IDPERSONANATURAL);

ALTER TABLE OFERTA ADD CONSTRAINT OFERTA_FK2 FOREIGN KEY (IDHABITACION) REFERENCES HABITACION(IDHABITACION);
ALTER TABLE OFERTA ADD CONSTRAINT OFERTA_FK3 FOREIGN KEY (IDVIVIENDA) REFERENCES VIVIENDA(IDVIVIENDA);
ALTER TABLE OFERTA ADD CONSTRAINT OFERTA_FK4 FOREIGN KEY (IDAPARTAMENTO) REFERENCES APARTAMENTO(IDAPARTAMENTO);

INSERT INTO USUARIO (IDUSUARIO, CONTRASENA, USUARIO) 
VALUES (10001,'asdf','mr.masterR');
INSERT INTO USUARIO (IDUSUARIO, CONTRASENA, USUARIO) 
VALUES (10002,'aAsdf','mr.masterRR');
INSERT INTO USUARIO (IDUSUARIO, CONTRASENA, USUARIO) 
VALUES (10003,'aAAAAsdf','mr.masterRRR');
INSERT INTO USUARIO (IDUSUARIO, CONTRASENA, USUARIO) 
VALUES (10004,'aAAsdf','mr.masterRRRR');
INSERT INTO USUARIO (IDUSUARIO, CONTRASENA, USUARIO) 
VALUES (10005,'aAAAsdf','mr.master');

INSERT INTO OPERADOR (IDOPERADOR, CONTRASENA, USUARIO) 
VALUES (10001,'asdf','mr.master');
INSERT INTO OPERADOR (IDOPERADOR, CONTRASENA, USUARIO) 
VALUES (10002,'aAsdf','mr.masterRRRR');
INSERT INTO OPERADOR (IDOPERADOR, CONTRASENA, USUARIO) 
VALUES (10003,'aAAsdf','mr.masterRRR');
INSERT INTO OPERADOR (IDOPERADOR, CONTRASENA, USUARIO) 
VALUES (10004,'aAAAsdf','mr.masterRR');
INSERT INTO OPERADOR (IDOPERADOR, CONTRASENA, USUARIO) 
VALUES (10005,'aAAAAsdf','mr.masterR');

INSERT INTO CLIENTE (IDCLIENTE, CONTRASENA, USUARIO, NOMBRE) 
VALUES (10001,'constrasena1','constrasena1','nombre1');
INSERT INTO CLIENTE (IDCLIENTE, CONTRASENA, USUARIO, NOMBRE) 
VALUES (10002,'constrasena2','constrasena2','nombre2');
INSERT INTO CLIENTE (IDCLIENTE, CONTRASENA, USUARIO, NOMBRE) 
VALUES (10003,'constrasena3','constrasena3','nombre3');
INSERT INTO CLIENTE (IDCLIENTE, CONTRASENA, USUARIO, NOMBRE) 
VALUES (10004,'constrasena4','constrasena4','nombre4');
INSERT INTO CLIENTE (IDCLIENTE, CONTRASENA, USUARIO, NOMBRE) 
VALUES (10005,'constrasena5','constrasena5','nombre5');

INSERT INTO HOTEL (IDHOTEL, CONTRASENA, USUARIO, UBICACION, NOMBRE, DESCRIPCION) 
VALUES (10001,'contrasena1','usuario1','calle 100 # 1-2','nombre1','descripcion1');
INSERT INTO HOTEL (IDHOTEL, CONTRASENA, USUARIO, UBICACION, NOMBRE, DESCRIPCION) 
VALUES (10002,'contrasena2','usuario2','calle 101 # 1-2','nombre2','descripcion2');
INSERT INTO HOTEL (IDHOTEL, CONTRASENA, USUARIO, UBICACION, NOMBRE, DESCRIPCION) 
VALUES (10003,'contrasena3','usuario3','calle 102 # 1-2','nombre3','descripcion3');
INSERT INTO HOTEL (IDHOTEL, CONTRASENA, USUARIO, UBICACION, NOMBRE, DESCRIPCION) 
VALUES (10004,'contrasena4','usuario4','calle 103 # 1-2','nombre4','descripcion4');
INSERT INTO HOTEL (IDHOTEL, CONTRASENA, USUARIO, UBICACION, NOMBRE, DESCRIPCION) 
VALUES (10005,'contrasena5','usuario5','calle 104 # 1-2','nombre5','descripcion5');

INSERT INTO VIVIENDAUNIVERSITARIA (IDVIVIENDAUNIVERSITARIA, CONTRASENA, USUARIO, DESCRIPCION, NOMBRE, HORAATENCION) 
VALUES (10001,'asdf','mr.master','descripcion1','boleo','1 a 2');
INSERT INTO VIVIENDAUNIVERSITARIA (IDVIVIENDAUNIVERSITARIA, CONTRASENA, USUARIO, DESCRIPCION, NOMBRE, HORAATENCION) 
VALUES (10002,'aasdf','mrr.master','descripcion2','bolleo','2 a 3');
INSERT INTO VIVIENDAUNIVERSITARIA (IDVIVIENDAUNIVERSITARIA, CONTRASENA, USUARIO, DESCRIPCION, NOMBRE, HORAATENCION) 
VALUES (10003,'aaasdf','mrrr.master','descripcion3','bollleo','1 a 2');
INSERT INTO VIVIENDAUNIVERSITARIA (IDVIVIENDAUNIVERSITARIA, CONTRASENA, USUARIO, DESCRIPCION, NOMBRE, HORAATENCION) 
VALUES (10004,'aaaasdf','mrrrr.master','descripcion4','bolllleo','4 a 6');
INSERT INTO VIVIENDAUNIVERSITARIA (IDVIVIENDAUNIVERSITARIA, CONTRASENA, USUARIO, DESCRIPCION, NOMBRE, HORAATENCION) 
VALUES (10005,'aaaaasdf','mrrrrr.master','descripcion5','bolllleo','12 a 1');

INSERT INTO PERSONANATURAL (IDPERSONANATURAL, CONTRASENA, USUARIO, UNIANDINO, NOMBRE) 
VALUES (10001,'asdf','mr.master',1,'boleo');
INSERT INTO PERSONANATURAL (IDPERSONANATURAL, CONTRASENA, USUARIO, UNIANDINO, NOMBRE) 
VALUES (10002,'aasdf','mrrrr.master',0,'boleiiiio');
INSERT INTO PERSONANATURAL (IDPERSONANATURAL, CONTRASENA, USUARIO, UNIANDINO, NOMBRE) 
VALUES (10003,'aaasdf','mrrrr.master',0,'boleiiio');
INSERT INTO PERSONANATURAL (IDPERSONANATURAL, CONTRASENA, USUARIO, UNIANDINO, NOMBRE) 
VALUES (10005,'aaaa','mrr.master',0,'boleio');
INSERT INTO PERSONANATURAL (IDPERSONANATURAL, CONTRASENA, USUARIO, UNIANDINO, NOMBRE) 
VALUES (10004,'aaaaasdf','mrrr.master',1,'boleiio');

INSERT INTO HOSTAL (IDHOSTAL, CONTRASENA, USUARIO, UBICACION, NOMBRE, HORAATENCION, DESCRIPCION) 
VALUES (10001,'asdf','mr.master','calle 100 # 50-100','boleio', '1 a 2', 'descripcion1');
INSERT INTO HOSTAL (IDHOSTAL, CONTRASENA, USUARIO, UBICACION, NOMBRE, HORAATENCION, DESCRIPCION) 
VALUES (10002,'aasdf','mr.mster','calle 101 # 50-100','boleo', '1 a 3', 'descripcion2');
INSERT INTO HOSTAL (IDHOSTAL, CONTRASENA, USUARIO, UBICACION, NOMBRE, HORAATENCION, DESCRIPCION) 
VALUES (10003,'aaasdf','mr.mastr','calle 102 # 50-100','boeiio', '1 a 4', 'descripcion3');
INSERT INTO HOSTAL (IDHOSTAL, CONTRASENA, USUARIO, UBICACION, NOMBRE, HORAATENCION, DESCRIPCION) 
VALUES (10004,'aaaasdf','mr.mstr','calle 103 # 50-100','bleiio', '1 a 5', 'descripcion4');
INSERT INTO HOSTAL (IDHOSTAL, CONTRASENA, USUARIO, UBICACION, NOMBRE, HORAATENCION, DESCRIPCION) 
VALUES (10005,'aaaaasdf','master','calle 104 # 50-100','oleiio', '1 a 6', 'descripcion5');

INSERT INTO VIVIENDA (IDVIVIENDA, PRECIO, TAMANO, UBICACION,  MENAJE, DESCRIPCION, NUMEROHABITACIONES, IDPERSONANATURAL) 
VALUES (10001,1000,10,'calle 101 # 1-2','menaje1','descipcion1',5,'10001');
INSERT INTO VIVIENDA (IDVIVIENDA, PRECIO, TAMANO, UBICACION, DESCRIPCION, MENAJE, NUMEROHABITACIONES, IDPERSONANATURAL) 
VALUES (10002,10000,100,'calle 102 # 1-2','menaje2','descripcion2',4,'10002');
INSERT INTO VIVIENDA (IDVIVIENDA, PRECIO, TAMANO, UBICACION, DESCRIPCION, MENAJE, NUMEROHABITACIONES, IDPERSONANATURAL) 
VALUES (10003,50,1,'calle 103 # 1-2','menaje3','descripcion3',3,'10003');
INSERT INTO VIVIENDA (IDVIVIENDA, PRECIO, TAMANO, UBICACION, DESCRIPCION, MENAJE, NUMEROHABITACIONES, IDPERSONANATURAL) 
VALUES (10004,50,2,'calle 104 # 1-2','menaje4','descripcion4',2,'10001');
INSERT INTO VIVIENDA (IDVIVIENDA, PRECIO, TAMANO, UBICACION, DESCRIPCION, MENAJE, NUMEROHABITACIONES, IDPERSONANATURAL) 
VALUES (10005,1000,10,'calle 105 # 1-2','menaje5','descripcion5',1,'10001');

INSERT INTO APARTAMENTO (IDAPARTAMENTO, PRECIO, TAMANO, UBICACION, DESCRIPCION, IDPERSONANATURAL) 
VALUES (10001,100,10,'calle 100 # 1-2','descripcion1', '10001');
INSERT INTO APARTAMENTO (IDAPARTAMENTO, PRECIO, TAMANO, UBICACION, DESCRIPCION, IDPERSONANATURAL) 
VALUES (10002,2000,15,'calle 101 # 1-2','descripcion2', '10002');
INSERT INTO APARTAMENTO (IDAPARTAMENTO, PRECIO, TAMANO, UBICACION, DESCRIPCION, IDPERSONANATURAL) 
VALUES (10003,10,5,'calle 102 # 1-2','descripcion3', '10003');
INSERT INTO APARTAMENTO (IDAPARTAMENTO, PRECIO, TAMANO, UBICACION, DESCRIPCION, IDPERSONANATURAL) 
VALUES (10004,200,20,'calle 103 # 1-2','descripcion4', '10004');
INSERT INTO APARTAMENTO (IDAPARTAMENTO, PRECIO, TAMANO, UBICACION, DESCRIPCION, IDPERSONANATURAL) 
VALUES (10005,1000,50,'calle 105 # 1-2','descripcion5', '10004');

INSERT INTO HABITACION (IDHABITACION, PRECIO, TAMANO, UBICACION, DESCRIPCION, IDOPERADOR) 
VALUES (10001,1000,10,'calle 101 # 1-2','descripcion1', '10001');
INSERT INTO HABITACION (IDHABITACION, PRECIO, TAMANO, UBICACION, DESCRIPCION, IDOPERADOR) 
VALUES (10002,100,11,'calle 102 # 1-2','descripcion2', '10005');
INSERT INTO HABITACION (IDHABITACION, PRECIO, TAMANO, UBICACION, DESCRIPCION, IDOPERADOR) 
VALUES (10003,10,15,'calle 103 # 1-2','descripcion3', '10005');
INSERT INTO HABITACION (IDHABITACION, PRECIO, TAMANO, UBICACION, DESCRIPCION, IDOPERADOR) 
VALUES (10004,20,155,'calle 104 # 1-2','descripcion4', '10005');
INSERT INTO HABITACION (IDHABITACION, PRECIO, TAMANO, UBICACION, DESCRIPCION, IDOPERADOR) 
VALUES (10005,2000,1,'calle 105 # 1-2','descripcion5', '10004');

INSERT INTO SERVICIOHABITACION (IDSERVICIOHABITACION, DESCRIPCION, TIPO) 
VALUES (10001,'descripcion1','tipo1');
INSERT INTO SERVICIOHABITACION (IDSERVICIOHABITACION, DESCRIPCION, TIPO) 
VALUES (10002,'descripcion2','tipo3');
INSERT INTO SERVICIOHABITACION (IDSERVICIOHABITACION, DESCRIPCION, TIPO) 
VALUES (10003,'descripcion3','tipo4');
INSERT INTO SERVICIOHABITACION (IDSERVICIOHABITACION, DESCRIPCION, TIPO) 
VALUES (10004,'descripcion4','tipo5');
INSERT INTO SERVICIOHABITACION (IDSERVICIOHABITACION, DESCRIPCION, TIPO) 
VALUES (10005,'descripcion5','tipo5');

INSERT INTO SERVICIOHOTEL (IDSERVICIOHOTEL, DESCRIPCION, TIPO) 
VALUES (10001,'descripcion1','tipo1');
INSERT INTO SERVICIOHOTEL (IDSERVICIOHOTEL, DESCRIPCION, TIPO) 
VALUES (10002,'descripcion2','tipo1');
INSERT INTO SERVICIOHOTEL (IDSERVICIOHOTEL, DESCRIPCION, TIPO) 
VALUES (10003,'descripcion3','tipo1');
INSERT INTO SERVICIOHOTEL (IDSERVICIOHOTEL, DESCRIPCION, TIPO) 
VALUES (10004,'descripcion4','tipo2');
INSERT INTO SERVICIOHOTEL (IDSERVICIOHOTEL, DESCRIPCION, TIPO) 
VALUES (10005,'descripcion5','tipo4');

INSERT INTO HOTELOFRECE (IDHOTELOFRECE, IDSERVICIOHOTEL, IDHOTEL) 
VALUES (10001,10001,10004);
INSERT INTO HOTELOFRECE (IDHOTELOFRECE, IDSERVICIOHOTEL, IDHOTEL) 
VALUES (10002,10002,10004);
INSERT INTO HOTELOFRECE (IDHOTELOFRECE, IDSERVICIOHOTEL, IDHOTEL) 
VALUES (10003,10002,10001);
INSERT INTO HOTELOFRECE (IDHOTELOFRECE, IDSERVICIOHOTEL, IDHOTEL) 
VALUES (10004,10002,10004);
INSERT INTO HOTELOFRECE (IDHOTELOFRECE, IDSERVICIOHOTEL, IDHOTEL) 
VALUES (10005,10003,10005);

INSERT INTO HABITACIONOFRECE (IDHABITACIONOFRECE, IDSERVICIOHABITACION, IDHABITACION) 
VALUES (10001,10001,10001);
INSERT INTO HABITACIONOFRECE (IDHABITACIONOFRECE, IDSERVICIOHABITACION, IDHABITACION) 
VALUES (10002,10001,10002);
INSERT INTO HABITACIONOFRECE (IDHABITACIONOFRECE, IDSERVICIOHABITACION, IDHABITACION) 
VALUES (10003,10002,10002);
INSERT INTO HABITACIONOFRECE (IDHABITACIONOFRECE, IDSERVICIOHABITACION, IDHABITACION) 
VALUES (10004,10003,10003);
INSERT INTO HABITACIONOFRECE (IDHABITACIONOFRECE, IDSERVICIOHABITACION, IDHABITACION) 
VALUES (10005,10004,10004);

INSERT INTO OFERTA (IDOFERTA, IDHABITACION, IDVIVIENDA, IDAPARTAMENTO, FECHAINICIAL, FECHAFINAL) 
VALUES (10001,NULL,NULL,10001,DATE '2000-1-1', DATE '2000-1-5');
INSERT INTO OFERTA (IDOFERTA, IDHABITACION, IDVIVIENDA, IDAPARTAMENTO, FECHAINICIAL, FECHAFINAL) 
VALUES (10002,NULL,10001,NULL,DATE '2000-1-1', DATE '2000-1-3');
INSERT INTO OFERTA (IDOFERTA, IDHABITACION, IDVIVIENDA, IDAPARTAMENTO, FECHAINICIAL, FECHAFINAL) 
VALUES (10003,10001,NULL,NULL,DATE '2000-1-2', DATE '2000-1-5');
INSERT INTO OFERTA (IDOFERTA, IDHABITACION, IDVIVIENDA, IDAPARTAMENTO, FECHAINICIAL, FECHAFINAL) 
VALUES (10004,NULL,NULL,10002,DATE '2000-1-2', DATE '2000-1-3');
INSERT INTO OFERTA (IDOFERTA, IDHABITACION, IDVIVIENDA, IDAPARTAMENTO, FECHAINICIAL, FECHAFINAL) 
VALUES (10005,NULL,NULL,10003,DATE '2000-1-3', DATE '2000-1-5');

INSERT INTO CONTRATO(IDCONTRATO, COSTO, FECHAFINAL, FECHAINIC, NOCHES, DESCRIPCION, IDOPERADOR, IDCLIENTE, IDHABITACION, IDVIVIENDA, IDAPARTAMENTO) 
VALUES (10001, 10, DATE '2000-1-2',DATE '2000-1-1',1,'DESCRIPCION1',10001,10001,10001,NULL,NULL);
INSERT INTO CONTRATO(IDCONTRATO, COSTO, FECHAFINAL, FECHAINIC, NOCHES, DESCRIPCION, IDOPERADOR, IDCLIENTE, IDHABITACION, IDVIVIENDA, IDAPARTAMENTO) 
VALUES (10002, 100, DATE '2000-1-3',DATE '2000-1-1',2,'DESCRIPCION2',10002,10002,NULL,10001,NULL);
INSERT INTO CONTRATO(IDCONTRATO, COSTO, FECHAFINAL, FECHAINIC, NOCHES, DESCRIPCION, IDOPERADOR, IDCLIENTE, IDHABITACION, IDVIVIENDA, IDAPARTAMENTO) 
VALUES (10003, 1, DATE '2000-1-4',DATE '2000-1-2',2,'DESCRIPCION3',10002,10003,NULL,NULL,10001);
INSERT INTO CONTRATO(IDCONTRATO, COSTO, FECHAFINAL, FECHAINIC, NOCHES, DESCRIPCION, IDOPERADOR, IDCLIENTE, IDHABITACION, IDVIVIENDA, IDAPARTAMENTO) 
VALUES (10004, 15, DATE '2000-1-5',DATE '2000-1-4',1,'DESCRIPCION4',10005,10005,NULL,NULL,10002);
INSERT INTO CONTRATO(IDCONTRATO, COSTO, FECHAFINAL, FECHAINIC, NOCHES, DESCRIPCION, IDOPERADOR, IDCLIENTE, IDHABITACION, IDVIVIENDA, IDAPARTAMENTO) 
VALUES (10005, 20, DATE '2000-1-7',DATE '2000-1-6',1,'DESCRIPCION5',10003,10002,NULL,10002,NULL);

COMMIT;